{"kind":"identitytoolkit#DownloadAccountResponse","users":[{"localId":"YE6OxAk8Y9xwu2d0nAwoeEIvFtwM","lastLoginAt":"1745086725460","displayName":"","photoUrl":"","emailVerified":false,"email":"test@gmail.com","salt":"fakeSaltZovm83dudRWcDrgGyuVm","passwordHash":"fakeHash:salt=fakeSaltZovm83dudRWcDrgGyuVm:password=testpass","passwordUpdatedAt":1745086725460,"validSince":"1745086725","mfaInfo":[],"createdAt":"1745086725460","providerUserInfo":[{"providerId":"password","email":"test@gmail.com","federatedId":"test@gmail.com","rawId":"test@gmail.com","displayName":"","photoUrl":""}]}]}